<?xml version="1.0" encoding="UTF-8"?>
<project-private xmlns="http://www.netbeans.org/ns/project-private/1">
    <editor-bookmarks xmlns="http://www.netbeans.org/ns/editor-bookmarks/2" lastBookmarkId="0"/>
    <open-files xmlns="http://www.netbeans.org/ns/projectui-open-files/2">
        <group>
            <file>file:/Users/ejmcc/Library/Mobile%20Documents/com~apple~CloudDocs/ICD_E_AULAS_MATERIAL/OrientacaoObjetos/HerancaPolimorfismo/JAVA/Herenca_Interface/ProjetoFigurasGeometricas/src/projetofigurasgeometricas/IFiguraGeometrica.java</file>
            <file>file:/Users/ejmcc/Library/Mobile%20Documents/com~apple~CloudDocs/ICD_E_AULAS_MATERIAL/OrientacaoObjetos/HerancaPolimorfismo/JAVA/Herenca_Interface/ProjetoFigurasGeometricas/src/projetofigurasgeometricas/FiguraGeometrica.java</file>
            <file>file:/Users/ejmcc/Library/Mobile%20Documents/com~apple~CloudDocs/ICD_E_AULAS_MATERIAL/OrientacaoObjetos/HerancaPolimorfismo/JAVA/Herenca_Interface/ProjetoFigurasGeometricas/src/projetofigurasgeometricas/Cilindro.java</file>
            <file>file:/Users/ejmcc/Library/Mobile%20Documents/com~apple~CloudDocs/ICD_E_AULAS_MATERIAL/OrientacaoObjetos/HerancaPolimorfismo/JAVA/Herenca_Interface/ProjetoFigurasGeometricas/src/projetofigurasgeometricas/Cone.java</file>
            <file>file:/Users/ejmcc/Library/Mobile%20Documents/com~apple~CloudDocs/ICD_E_AULAS_MATERIAL/OrientacaoObjetos/HerancaPolimorfismo/JAVA/Herenca_Interface/ProjetoFigurasGeometricas/src/projetofigurasgeometricas/Esfera.java</file>
        </group>
    </open-files>
</project-private>
